,method,topic,covariate,covariate.value,estimate,std.error,ci.level,ci.lower,ci.upper,label
1,pointestimate,1,date_label,202003,0.023946989,0.001220281,0.95,0.021402443,0.026268576,Topic 1(Covariate Level: 202003)
2,pointestimate,1,date_label,202002,0.02391866,0.001232774,0.95,0.021356433,0.026257265,Topic 1(Covariate Level: 202003)
3,pointestimate,1,date_label,202004,0.023975319,0.001207921,0.95,0.021452968,0.026279811,Topic 1(Covariate Level: 202003)
4,pointestimate,1,date_label,202001,0.02389033,0.001245396,0.95,0.021299143,0.026251955,Topic 1(Covariate Level: 202003)
5,pointestimate,1,date_label,202103,0.026779945,0.001272106,0.95,0.024293676,0.02941216,Topic 1(Covariate Level: 202003)
6,pointestimate,1,date_label,202009,0.024116967,0.001148254,0.95,0.02171877,0.026305514,Topic 1(Covariate Level: 202003)
7,pointestimate,1,date_label,202008,0.024088637,0.001159888,0.95,0.021663504,0.026304428,Topic 1(Covariate Level: 202003)
8,pointestimate,1,date_label,202108,0.026921593,0.001338181,0.95,0.024279857,0.029665118,Topic 1(Covariate Level: 202003)
9,pointestimate,1,date_label,202105,0.026836604,0.001298208,0.95,0.024289056,0.029521595,Topic 1(Covariate Level: 202003)
10,pointestimate,1,date_label,202010,0.024145296,0.00113678,0.95,0.021776208,0.026308713,Topic 1(Covariate Level: 202003)
11,pointestimate,1,date_label,202012,0.024201955,0.001114328,0.95,0.021880248,0.026331065,Topic 1(Covariate Level: 202003)
12,pointestimate,1,date_label,202106,0.026864934,0.001311427,0.95,0.024287392,0.029571872,Topic 1(Covariate Level: 202003)
13,pointestimate,1,date_label,202101,0.026723286,0.001246471,0.95,0.024296792,0.029290235,Topic 1(Covariate Level: 202003)
14,pointestimate,1,date_label,202011,0.024173626,0.001125469,0.95,0.021824956,0.026318173,Topic 1(Covariate Level: 202003)
15,pointestimate,1,date_label,202111,0.027006582,0.001379058,0.95,0.024292785,0.029834009,Topic 1(Covariate Level: 202003)
16,pointestimate,1,date_label,202107,0.026893263,0.001324752,0.95,0.024284959,0.029620588,Topic 1(Covariate Level: 202003)
17,pointestimate,1,date_label,202104,0.026808275,0.0012851,0.95,0.024293704,0.02946756,Topic 1(Covariate Level: 202003)
18,pointestimate,1,date_label,202109,0.026949923,0.00135171,0.95,0.02428255,0.02971598,Topic 1(Covariate Level: 202003)
19,pointestimate,1,date_label,202007,0.024060307,0.001171676,0.95,0.021606902,0.026301153,Topic 1(Covariate Level: 202003)
20,pointestimate,1,date_label,202112,0.027034911,0.001392871,0.95,0.02429369,0.029902143,Topic 1(Covariate Level: 202003)
21,pointestimate,1,date_label,202110,0.026978252,0.001365337,0.95,0.024280591,0.02976792,Topic 1(Covariate Level: 202003)
22,pointestimate,1,date_label,202102,0.026751616,0.001259228,0.95,0.024293631,0.029351197,Topic 1(Covariate Level: 202003)
23,pointestimate,1,date_label,202006,0.024031978,0.001183614,0.95,0.021559491,0.026305659,Topic 1(Covariate Level: 202003)
24,pointestimate,1,date_label,202005,0.024003648,0.001195697,0.95,0.021506328,0.02629613,Topic 1(Covariate Level: 202003)
25,pointestimate,2,date_label,202003,0.028888213,0.001122408,0.95,0.026721958,0.031184754,Topic 2(Covariate Level: 202003)
26,pointestimate,2,date_label,202002,0.028805327,0.001134357,0.95,0.026624489,0.031119798,Topic 2(Covariate Level: 202003)
27,pointestimate,2,date_label,202004,0.028971098,0.001110637,0.95,0.026826966,0.031240738,Topic 2(Covariate Level: 202003)
28,pointestimate,2,date_label,202001,0.028722442,0.001146477,0.95,0.0265238,0.031051037,Topic 2(Covariate Level: 202003)
29,pointestimate,2,date_label,202103,0.037176773,0.001410904,0.95,0.034524097,0.039939946,Topic 2(Covariate Level: 202003)
30,pointestimate,2,date_label,202009,0.029385526,0.001054639,0.95,0.027340879,0.031515332,Topic 2(Covariate Level: 202003)
31,pointestimate,2,date_label,202008,0.029302641,0.001065437,0.95,0.02723821,0.031458722,Topic 2(Covariate Level: 202003)
32,pointestimate,2,date_label,202108,0.037591201,0.00148504,0.95,0.034787543,0.040478859,Topic 2(Covariate Level: 202003)
33,pointestimate,2,date_label,202105,0.037342544,0.00144031,0.95,0.034623633,0.040141833,Topic 2(Covariate Level: 202003)
34,pointestimate,2,date_label,202010,0.029468412,0.001044054,0.95,0.027449026,0.0315728,Topic 2(Covariate Level: 202003)
35,pointestimate,2,date_label,202012,0.029634183,0.001023551,0.95,0.027664326,0.031696847,Topic 2(Covariate Level: 202003)
36,pointestimate,2,date_label,202106,0.03742543,0.001455139,0.95,0.034671064,0.040251787,Topic 2(Covariate Level: 202003)
37,pointestimate,2,date_label,202101,0.037011002,0.001381854,0.95,0.034420111,0.039721701,Topic 2(Covariate Level: 202003)
38,pointestimate,2,date_label,202011,0.029551298,0.00103369,0.95,0.027562104,0.031637909,Topic 2(Covariate Level: 202003)
39,pointestimate,2,date_label,202111,0.037839858,0.00153046,0.95,0.034955797,0.040823092,Topic 2(Covariate Level: 202003)
40,pointestimate,2,date_label,202107,0.037508315,0.001470051,0.95,0.034730758,0.040364114,Topic 2(Covariate Level: 202003)
41,pointestimate,2,date_label,202104,0.037259659,0.001425563,0.95,0.034578598,0.040040717,Topic 2(Covariate Level: 202003)
42,pointestimate,2,date_label,202109,0.037674087,0.001500107,0.95,0.03484787,0.040593603,Topic 2(Covariate Level: 202003)
43,pointestimate,2,date_label,202007,0.029219755,0.001076442,0.95,0.027142709,0.031400418,Topic 2(Covariate Level: 202003)
44,pointestimate,2,date_label,202112,0.037922743,0.001545742,0.95,0.035012797,0.040937935,Topic 2(Covariate Level: 202003)
45,pointestimate,2,date_label,202110,0.037756972,0.001515247,0.95,0.034902408,0.040708348,Topic 2(Covariate Level: 202003)
46,pointestimate,2,date_label,202102,0.037093887,0.001396333,0.95,0.034468538,0.039822055,Topic 2(Covariate Level: 202003)
47,pointestimate,2,date_label,202006,0.02913687,0.001087648,0.95,0.027040447,0.031344833,Topic 2(Covariate Level: 202003)
48,pointestimate,2,date_label,202005,0.029053984,0.001099048,0.95,0.026930511,0.031294785,Topic 2(Covariate Level: 202003)
49,pointestimate,3,date_label,202003,0.028343495,0.001207556,0.95,0.025907581,0.030680775,Topic 3(Covariate Level: 202003)
50,pointestimate,3,date_label,202002,0.028338185,0.001219726,0.95,0.025881807,0.030690055,Topic 3(Covariate Level: 202003)
51,pointestimate,3,date_label,202004,0.028348804,0.001195529,0.95,0.025932444,0.030671496,Topic 3(Covariate Level: 202003)
52,pointestimate,3,date_label,202001,0.028332876,0.001232035,0.95,0.025836388,0.030699334,Topic 3(Covariate Level: 202003)
53,pointestimate,3,date_label,202103,0.028874433,0.001315376,0.95,0.026350118,0.031428804,Topic 3(Covariate Level: 202003)
54,pointestimate,3,date_label,202009,0.028375351,0.001137701,0.95,0.02610964,0.030585294,Topic 3(Covariate Level: 202003)
55,pointestimate,3,date_label,202008,0.028370041,0.001148944,0.95,0.026079326,0.030616133,Topic 3(Covariate Level: 202003)
56,pointestimate,3,date_label,202108,0.02890098,0.001382573,0.95,0.026274961,0.031623269,Topic 3(Covariate Level: 202003)
57,pointestimate,3,date_label,202105,0.028885052,0.001341945,0.95,0.026306309,0.031501621,Topic 3(Covariate Level: 202003)
58,pointestimate,3,date_label,202010,0.02838066,0.00112663,0.95,0.026133507,0.030574791,Topic 3(Covariate Level: 202003)
59,pointestimate,3,date_label,202012,0.028391279,0.001105023,0.95,0.02618917,0.030555042,Topic 3(Covariate Level: 202003)
60,pointestimate,3,date_label,202106,0.028890361,0.001355387,0.95,0.026299326,0.031538908,Topic 3(Covariate Level: 202003)
61,pointestimate,3,date_label,202101,0.028863814,0.001289252,0.95,0.026391859,0.031363959,Topic 3(Covariate Level: 202003)
62,pointestimate,3,date_label,202011,0.02838597,0.001115736,0.95,0.026151984,0.03056455,Topic 3(Covariate Level: 202003)
63,pointestimate,3,date_label,202111,0.028916908,0.001424061,0.95,0.026185281,0.031709861,Topic 3(Covariate Level: 202003)
64,pointestimate,3,date_label,202107,0.028895671,0.001368931,0.95,0.026295564,0.031590524,Topic 3(Covariate Level: 202003)
65,pointestimate,3,date_label,202104,0.028879743,0.001328607,0.95,0.026324683,0.031465213,Topic 3(Covariate Level: 202003)
66,pointestimate,3,date_label,202109,0.02890629,0.00139631,0.95,0.02624741,0.031652621,Topic 3(Covariate Level: 202003)
67,pointestimate,3,date_label,202007,0.028364732,0.001160353,0.95,0.026037483,0.030624154,Topic 3(Covariate Level: 202003)
68,pointestimate,3,date_label,202112,0.028922218,0.001438068,0.95,0.026154292,0.031741289,Topic 3(Covariate Level: 202003)
69,pointestimate,3,date_label,202110,0.028911599,0.001410141,0.95,0.026218174,0.031674933,Topic 3(Covariate Level: 202003)
70,pointestimate,3,date_label,202102,0.028869124,0.001302257,0.95,0.026375551,0.03139909,Topic 3(Covariate Level: 202003)
71,pointestimate,3,date_label,202006,0.028359423,0.001171923,0.95,0.02599755,0.030638737,Topic 3(Covariate Level: 202003)
72,pointestimate,3,date_label,202005,0.028354113,0.00118365,0.95,0.025964741,0.030662217,Topic 3(Covariate Level: 202003)
73,pointestimate,4,date_label,202003,0.031493933,0.001192631,0.95,0.029213264,0.033841431,Topic 4(Covariate Level: 202003)
74,pointestimate,4,date_label,202002,0.031464552,0.001203903,0.95,0.029166548,0.033829492,Topic 4(Covariate Level: 202003)
75,pointestimate,4,date_label,202004,0.031523315,0.001181508,0.95,0.029257096,0.033848251,Topic 4(Covariate Level: 202003)
76,pointestimate,4,date_label,202001,0.031435171,0.00121532,0.95,0.02912435,0.033816988,Topic 4(Covariate Level: 202003)
77,pointestimate,4,date_label,202103,0.034432059,0.001333725,0.95,0.031871946,0.037082816,Topic 4(Covariate Level: 202003)
78,pointestimate,4,date_label,202009,0.031670221,0.001128275,0.95,0.029505305,0.033886819,Topic 4(Covariate Level: 202003)
79,pointestimate,4,date_label,202008,0.03164084,0.001138589,0.95,0.029469399,0.033880554,Topic 4(Covariate Level: 202003)
80,pointestimate,4,date_label,202108,0.034578965,0.001398424,0.95,0.031907696,0.037372003,Topic 4(Covariate Level: 202003)
81,pointestimate,4,date_label,202105,0.034490822,0.001359306,0.95,0.031883613,0.037192473,Topic 4(Covariate Level: 202003)
82,pointestimate,4,date_label,202010,0.031699602,0.001118137,0.95,0.029547826,0.03388635,Topic 4(Covariate Level: 202003)
83,pointestimate,4,date_label,202012,0.031758365,0.001098407,0.95,0.029631915,0.033900396,Topic 4(Covariate Level: 202003)
84,pointestimate,4,date_label,202106,0.034520203,0.001372249,0.95,0.031897646,0.03725085,Topic 4(Covariate Level: 202003)
85,pointestimate,4,date_label,202101,0.034373297,0.00130857,0.95,0.031855523,0.036973944,Topic 4(Covariate Level: 202003)
86,pointestimate,4,date_label,202011,0.031728983,0.001108179,0.95,0.02959185,0.033892899,Topic 4(Covariate Level: 202003)
87,pointestimate,4,date_label,202111,0.034667109,0.001438373,0.95,0.031910229,0.037543406,Topic 4(Covariate Level: 202003)
88,pointestimate,4,date_label,202107,0.034549584,0.001385289,0.95,0.031905759,0.037314341,Topic 4(Covariate Level: 202003)
89,pointestimate,4,date_label,202104,0.03446144,0.001346464,0.95,0.031874132,0.037142415,Topic 4(Covariate Level: 202003)
90,pointestimate,4,date_label,202109,0.034608347,0.001411652,0.95,0.031910052,0.037432322,Topic 4(Covariate Level: 202003)
91,pointestimate,4,date_label,202007,0.031611458,0.001149074,0.95,0.029410868,0.033871343,Topic 4(Covariate Level: 202003)
92,pointestimate,4,date_label,202112,0.03469649,0.001451862,0.95,0.031908293,0.037591376,Topic 4(Covariate Level: 202003)
93,pointestimate,4,date_label,202110,0.034637728,0.001424969,0.95,0.031916466,0.037489578,Topic 4(Covariate Level: 202003)
94,pointestimate,4,date_label,202102,0.034402678,0.001321093,0.95,0.031858525,0.037024598,Topic 4(Covariate Level: 202003)
95,pointestimate,4,date_label,202006,0.031582077,0.001159725,0.95,0.029362595,0.033863286,Topic 4(Covariate Level: 202003)
96,pointestimate,4,date_label,202005,0.031552696,0.001170538,0.95,0.029313211,0.03385333,Topic 4(Covariate Level: 202003)
97,pointestimate,5,date_label,202003,0.052896548,0.001375849,0.95,0.050129208,0.055566596,Topic 5(Covariate Level: 202003)
98,pointestimate,5,date_label,202002,0.052957998,0.001389109,0.95,0.050160808,0.055649918,Topic 5(Covariate Level: 202003)
99,pointestimate,5,date_label,202004,0.052835098,0.001362751,0.95,0.050091679,0.055475606,Topic 5(Covariate Level: 202003)
100,pointestimate,5,date_label,202001,0.053019448,0.001402526,0.95,0.050192408,0.055742402,Topic 5(Covariate Level: 202003)
101,pointestimate,5,date_label,202103,0.046751535,0.00149283,0.95,0.043801818,0.049656033,Topic 5(Covariate Level: 202003)
102,pointestimate,5,date_label,202009,0.052527847,0.001299855,0.95,0.049925469,0.055043648,Topic 5(Covariate Level: 202003)
103,pointestimate,5,date_label,202008,0.052589297,0.001312071,0.95,0.049954625,0.055115509,Topic 5(Covariate Level: 202003)
104,pointestimate,5,date_label,202108,0.046444284,0.001566315,0.95,0.043415868,0.049515487,Topic 5(Covariate Level: 202003)
105,pointestimate,5,date_label,202105,0.046628635,0.001521869,0.95,0.043646973,0.049604427,Topic 5(Covariate Level: 202003)
106,pointestimate,5,date_label,202010,0.052466397,0.00128783,0.95,0.049878143,0.054964778,Topic 5(Covariate Level: 202003)
107,pointestimate,5,date_label,202012,0.052343497,0.001264378,0.95,0.049795611,0.054794561,Topic 5(Covariate Level: 202003)
108,pointestimate,5,date_label,202106,0.046567185,0.001536569,0.95,0.043571564,0.049563993,Topic 5(Covariate Level: 202003)
109,pointestimate,5,date_label,202101,0.046874435,0.001464298,0.95,0.044005742,0.049729053,Topic 5(Covariate Level: 202003)
110,pointestimate,5,date_label,202011,0.052404947,0.001276003,0.95,0.049844803,0.054879108,Topic 5(Covariate Level: 202003)
111,pointestimate,5,date_label,202111,0.046259934,0.001611748,0.95,0.043190283,0.049434663,Topic 5(Covariate Level: 202003)
112,pointestimate,5,date_label,202107,0.046505734,0.001551385,0.95,0.043493411,0.049533009,Topic 5(Covariate Level: 202003)
113,pointestimate,5,date_label,202104,0.046690085,0.001507288,0.95,0.04372257,0.049635062,Topic 5(Covariate Level: 202003)
114,pointestimate,5,date_label,202109,0.046382834,0.001581353,0.95,0.043345891,0.049497964,Topic 5(Covariate Level: 202003)
115,pointestimate,5,date_label,202007,0.052650747,0.001324474,0.95,0.049989842,0.055194314,Topic 5(Covariate Level: 202003)
116,pointestimate,5,date_label,202112,0.046198484,0.001627097,0.95,0.043092165,0.049410633,Topic 5(Covariate Level: 202003)
117,pointestimate,5,date_label,202110,0.046321384,0.001596499,0.95,0.043268772,0.049470218,Topic 5(Covariate Level: 202003)
118,pointestimate,5,date_label,202102,0.046812985,0.001478499,0.95,0.043904581,0.049699861,Topic 5(Covariate Level: 202003)
119,pointestimate,5,date_label,202006,0.052712197,0.001337059,0.95,0.050022363,0.055280345,Topic 5(Covariate Level: 202003)
120,pointestimate,5,date_label,202005,0.052773647,0.001349819,0.95,0.05005578,0.055376692,Topic 5(Covariate Level: 202003)
121,pointestimate,6,date_label,202003,0.026530952,0.001201061,0.95,0.024093428,0.028821639,Topic 6(Covariate Level: 202003)
122,pointestimate,6,date_label,202002,0.026467339,0.001211488,0.95,0.024001827,0.028793215,Topic 6(Covariate Level: 202003)
123,pointestimate,6,date_label,202004,0.026594564,0.001190819,0.95,0.024190288,0.028855235,Topic 6(Covariate Level: 202003)
124,pointestimate,6,date_label,202001,0.026403727,0.001222094,0.95,0.023916528,0.028757022,Topic 6(Covariate Level: 202003)
125,pointestimate,6,date_label,202103,0.03289218,0.001495993,0.95,0.029901137,0.035710677,Topic 6(Covariate Level: 202003)
126,pointestimate,6,date_label,202009,0.026912625,0.001142536,0.95,0.024614045,0.029072955,Topic 6(Covariate Level: 202003)
127,pointestimate,6,date_label,202008,0.026849013,0.001151785,0.95,0.024521857,0.029031444,Topic 6(Covariate Level: 202003)
128,pointestimate,6,date_label,202108,0.033210242,0.001565206,0.95,0.030112175,0.036190198,Topic 6(Covariate Level: 202003)
129,pointestimate,6,date_label,202105,0.033019405,0.00152341,0.95,0.029992265,0.035901952,Topic 6(Covariate Level: 202003)
130,pointestimate,6,date_label,202010,0.026976238,0.0011335,0.95,0.02469668,0.029125416,Topic 6(Covariate Level: 202003)
131,pointestimate,6,date_label,202012,0.027103462,0.001116091,0.95,0.024843009,0.029218088,Topic 6(Covariate Level: 202003)
132,pointestimate,6,date_label,202106,0.033083017,0.001537255,0.95,0.030036105,0.035994949,Topic 6(Covariate Level: 202003)
133,pointestimate,6,date_label,202101,0.032764956,0.001468957,0.95,0.029819471,0.035537244,Topic 6(Covariate Level: 202003)
134,pointestimate,6,date_label,202011,0.02703985,0.001124684,0.95,0.024774069,0.029173632,Topic 6(Covariate Level: 202003)
135,pointestimate,6,date_label,202111,0.033401078,0.00160775,0.95,0.030236568,0.036454017,Topic 6(Covariate Level: 202003)
136,pointestimate,6,date_label,202107,0.033146629,0.001551187,0.95,0.030073637,0.036095089,Topic 6(Covariate Level: 202003)
137,pointestimate,6,date_label,202104,0.032955792,0.001509655,0.95,0.029943115,0.03580513,Topic 6(Covariate Level: 202003)
138,pointestimate,6,date_label,202109,0.033273854,0.001579307,0.95,0.030148462,0.03628316,Topic 6(Covariate Level: 202003)
139,pointestimate,6,date_label,202007,0.026785401,0.001161243,0.95,0.024434667,0.028983533,Topic 6(Covariate Level: 202003)
140,pointestimate,6,date_label,202112,0.033464691,0.001622088,0.95,0.030277328,0.036540993,Topic 6(Covariate Level: 202003)
141,pointestimate,6,date_label,202110,0.033337466,0.001593489,0.95,0.03019469,0.036368153,Topic 6(Covariate Level: 202003)
142,pointestimate,6,date_label,202102,0.032828568,0.001482426,0.95,0.029859158,0.035618285,Topic 6(Covariate Level: 202003)
143,pointestimate,6,date_label,202006,0.026721789,0.001170905,0.95,0.024355115,0.02893829,Topic 6(Covariate Level: 202003)
144,pointestimate,6,date_label,202005,0.026658176,0.001180765,0.95,0.024280303,0.0288946,Topic 6(Covariate Level: 202003)
145,pointestimate,7,date_label,202003,0.037103215,0.001213446,0.95,0.034860565,0.039462156,Topic 7(Covariate Level: 202003)
146,pointestimate,7,date_label,202002,0.037067988,0.001226033,0.95,0.034798107,0.039454343,Topic 7(Covariate Level: 202003)
147,pointestimate,7,date_label,202004,0.037138443,0.001200995,0.95,0.034917453,0.039480179,Topic 7(Covariate Level: 202003)
148,pointestimate,7,date_label,202001,0.03703276,0.001238752,0.95,0.034731292,0.039431849,Topic 7(Covariate Level: 202003)
149,pointestimate,7,date_label,202103,0.040625959,0.001285652,0.95,0.038147756,0.043128508,Topic 7(Covariate Level: 202003)
150,pointestimate,7,date_label,202009,0.03731458,0.001140937,0.95,0.035197864,0.039545084,Topic 7(Covariate Level: 202003)
151,pointestimate,7,date_label,202008,0.037279353,0.001152641,0.95,0.035145774,0.039530558,Topic 7(Covariate Level: 202003)
152,pointestimate,7,date_label,202108,0.040802096,0.001353112,0.95,0.038209471,0.043422578,Topic 7(Covariate Level: 202003)
153,pointestimate,7,date_label,202105,0.040696414,0.001312316,0.95,0.038165875,0.043243542,Topic 7(Covariate Level: 202003)
154,pointestimate,7,date_label,202010,0.037349807,0.001129397,0.95,0.035259117,0.03955988,Topic 7(Covariate Level: 202003)
155,pointestimate,7,date_label,202012,0.037420262,0.00110683,0.95,0.035360006,0.039591667,Topic 7(Covariate Level: 202003)
156,pointestimate,7,date_label,202106,0.040731641,0.001325812,0.95,0.038171699,0.043297804,Topic 7(Covariate Level: 202003)
157,pointestimate,7,date_label,202101,0.040555504,0.001259446,0.95,0.038116026,0.043009443,Topic 7(Covariate Level: 202003)
158,pointestimate,7,date_label,202011,0.037385035,0.001118027,0.95,0.035316957,0.039575001,Topic 7(Covariate Level: 202003)
159,pointestimate,7,date_label,202111,0.040907778,0.001394791,0.95,0.038228554,0.043607515,Topic 7(Covariate Level: 202003)
160,pointestimate,7,date_label,202107,0.040766869,0.001339411,0.95,0.038194554,0.043362424,Topic 7(Covariate Level: 202003)
161,pointestimate,7,date_label,202104,0.040661186,0.001298929,0.95,0.038156846,0.043189206,Topic 7(Covariate Level: 202003)
162,pointestimate,7,date_label,202109,0.040837323,0.001366911,0.95,0.038213737,0.043482826,Topic 7(Covariate Level: 202003)
163,pointestimate,7,date_label,202007,0.037244125,0.001164503,0.95,0.035090226,0.039512632,Topic 7(Covariate Level: 202003)
164,pointestimate,7,date_label,202112,0.040943006,0.001408867,0.95,0.038223195,0.043669531,Topic 7(Covariate Level: 202003)
165,pointestimate,7,date_label,202110,0.040872551,0.001380805,0.95,0.038222075,0.043543033,Topic 7(Covariate Level: 202003)
166,pointestimate,7,date_label,202102,0.040590731,0.00127249,0.95,0.038136134,0.043070828,Topic 7(Covariate Level: 202003)
167,pointestimate,7,date_label,202006,0.037208898,0.001176519,0.95,0.035038192,0.039500666,Topic 7(Covariate Level: 202003)
168,pointestimate,7,date_label,202005,0.03717367,0.001188685,0.95,0.034974346,0.039489797,Topic 7(Covariate Level: 202003)
169,pointestimate,8,date_label,202003,0.076334718,0.001221832,0.95,0.073835263,0.078600261,Topic 8(Covariate Level: 202003)
170,pointestimate,8,date_label,202002,0.076609542,0.001235295,0.95,0.074086165,0.078897199,Topic 8(Covariate Level: 202003)
171,pointestimate,8,date_label,202004,0.076059895,0.001208512,0.95,0.073601194,0.078294221,Topic 8(Covariate Level: 202003)
172,pointestimate,8,date_label,202001,0.076884365,0.001248897,0.95,0.074338728,0.079197756,Topic 8(Covariate Level: 202003)
173,pointestimate,8,date_label,202103,0.048852376,0.001328351,0.95,0.04619373,0.051395871,Topic 8(Covariate Level: 202003)
174,pointestimate,8,date_label,202009,0.074685778,0.001144237,0.95,0.072361398,0.076806277,Topic 8(Covariate Level: 202003)
175,pointestimate,8,date_label,202008,0.074960601,0.001156765,0.95,0.072609558,0.077115299,Topic 8(Covariate Level: 202003)
176,pointestimate,8,date_label,202108,0.047478259,0.001401489,0.95,0.044706593,0.050142465,Topic 8(Covariate Level: 202003)
177,pointestimate,8,date_label,202105,0.048302729,0.001357296,0.95,0.045616038,0.050880194,Topic 8(Covariate Level: 202003)
178,pointestimate,8,date_label,202010,0.074410954,0.001131883,0.95,0.07211523,0.076504018,Topic 8(Covariate Level: 202003)
179,pointestimate,8,date_label,202012,0.073861307,0.001107723,0.95,0.071605376,0.075934688,Topic 8(Covariate Level: 202003)
180,pointestimate,8,date_label,202106,0.048027906,0.001371927,0.95,0.045316182,0.050625459,Topic 8(Covariate Level: 202003)
181,pointestimate,8,date_label,202101,0.049402023,0.001299853,0.95,0.046814831,0.051899103,Topic 8(Covariate Level: 202003)
182,pointestimate,8,date_label,202011,0.074136131,0.00111971,0.95,0.071856636,0.07622183,Topic 8(Covariate Level: 202003)
183,pointestimate,8,date_label,202111,0.046653789,0.001446537,0.95,0.043800942,0.049411018,Topic 8(Covariate Level: 202003)
184,pointestimate,8,date_label,202107,0.047753083,0.001386659,0.95,0.045015188,0.050385772,Topic 8(Covariate Level: 202003)
185,pointestimate,8,date_label,202104,0.048577553,0.00134277,0.95,0.045903076,0.051140362,Topic 8(Covariate Level: 202003)
186,pointestimate,8,date_label,202109,0.047203436,0.001416414,0.95,0.044405386,0.049897634,Topic 8(Covariate Level: 202003)
187,pointestimate,8,date_label,202007,0.075235425,0.001169462,0.95,0.07286666,0.077397913,Topic 8(Covariate Level: 202003)
188,pointestimate,8,date_label,202112,0.046378966,0.00146173,0.95,0.043490266,0.049156194,Topic 8(Covariate Level: 202003)
189,pointestimate,8,date_label,202110,0.046928612,0.001431431,0.95,0.044106787,0.049658645,Topic 8(Covariate Level: 202003)
190,pointestimate,8,date_label,202102,0.0491272,0.001314045,0.95,0.04649896,0.051642438,Topic 8(Covariate Level: 202003)
191,pointestimate,8,date_label,202006,0.075510248,0.001182322,0.95,0.073120407,0.077702771,Topic 8(Covariate Level: 202003)
192,pointestimate,8,date_label,202005,0.075785071,0.001195341,0.95,0.073363677,0.078003677,Topic 8(Covariate Level: 202003)
193,pointestimate,9,date_label,202003,0.030322747,0.001457629,0.95,0.027583385,0.033291677,Topic 9(Covariate Level: 202003)
194,pointestimate,9,date_label,202002,0.030315893,0.00147342,0.95,0.027550042,0.033311098,Topic 9(Covariate Level: 202003)
195,pointestimate,9,date_label,202004,0.0303296,0.00144198,0.95,0.027614338,0.03327234,Topic 9(Covariate Level: 202003)
196,pointestimate,9,date_label,202001,0.03030904,0.001489349,0.95,0.027510771,0.033335987,Topic 9(Covariate Level: 202003)
197,pointestimate,9,date_label,202103,0.03100808,0.001443285,0.95,0.028196874,0.033807396,Topic 9(Covariate Level: 202003)
198,pointestimate,9,date_label,202009,0.030363867,0.001366033,0.95,0.027799791,0.033153794,Topic 9(Covariate Level: 202003)
199,pointestimate,9,date_label,202008,0.030357013,0.001380899,0.95,0.027747898,0.03316875,Topic 9(Covariate Level: 202003)
200,pointestimate,9,date_label,202108,0.031042347,0.001522963,0.95,0.028081689,0.033981697,Topic 9(Covariate Level: 202003)
201,pointestimate,9,date_label,202105,0.031021787,0.001474749,0.95,0.028150921,0.033865389,Topic 9(Covariate Level: 202003)
202,pointestimate,9,date_label,202010,0.03037072,0.00135134,0.95,0.02784102,0.033134767,Topic 9(Covariate Level: 202003)
203,pointestimate,9,date_label,202012,0.030384427,0.001322494,0.95,0.027905774,0.033098405,Topic 9(Covariate Level: 202003)
204,pointestimate,9,date_label,202106,0.03102864,0.001490689,0.95,0.028132027,0.033904849,Topic 9(Covariate Level: 202003)
205,pointestimate,9,date_label,202101,0.030994373,0.001412406,0.95,0.028256605,0.033752477,Topic 9(Covariate Level: 202003)
206,pointestimate,9,date_label,202011,0.030377573,0.001336825,0.95,0.027869274,0.033115108,Topic 9(Covariate Level: 202003)
207,pointestimate,9,date_label,202111,0.031062907,0.001572299,0.95,0.028006664,0.034126354,Topic 9(Covariate Level: 202003)
208,pointestimate,9,date_label,202107,0.031035493,0.001506762,0.95,0.02810729,0.033940946,Topic 9(Covariate Level: 202003)
209,pointestimate,9,date_label,202104,0.031014933,0.001458946,0.95,0.028173898,0.033836481,Topic 9(Covariate Level: 202003)
210,pointestimate,9,date_label,202109,0.0310492,0.001539289,0.95,0.028059014,0.03402903,Topic 9(Covariate Level: 202003)
211,pointestimate,9,date_label,202007,0.03035016,0.001395932,0.95,0.027711214,0.033189915,Topic 9(Covariate Level: 202003)
212,pointestimate,9,date_label,202112,0.03106976,0.001588975,0.95,0.027994233,0.034163716,Topic 9(Covariate Level: 202003)
213,pointestimate,9,date_label,202110,0.031056053,0.001555736,0.95,0.028030436,0.034083061,Topic 9(Covariate Level: 202003)
214,pointestimate,9,date_label,202102,0.031001227,0.00142777,0.95,0.02822373,0.033777103,Topic 9(Covariate Level: 202003)
215,pointestimate,9,date_label,202006,0.030343307,0.001411126,0.95,0.027679882,0.03321761,Topic 9(Covariate Level: 202003)
216,pointestimate,9,date_label,202005,0.030336453,0.001426477,0.95,0.02764834,0.033242342,Topic 9(Covariate Level: 202003)
217,pointestimate,10,date_label,202003,0.039999813,0.001364022,0.95,0.037339155,0.04262932,Topic 10(Covariate Level: 202003)
218,pointestimate,10,date_label,202002,0.039807887,0.001378297,0.95,0.037113423,0.042461056,Topic 10(Covariate Level: 202003)
219,pointestimate,10,date_label,202004,0.040191738,0.001349938,0.95,0.037577115,0.042798271,Topic 10(Covariate Level: 202003)
220,pointestimate,10,date_label,202001,0.039615961,0.001392758,0.95,0.036890222,0.042300972,Topic 10(Covariate Level: 202003)
221,pointestimate,10,date_label,202103,0.059192367,0.001617282,0.95,0.056080771,0.062361257,Topic 10(Covariate Level: 202003)
222,pointestimate,10,date_label,202009,0.041151366,0.001282611,0.95,0.038710066,0.043637559,Topic 10(Covariate Level: 202003)
223,pointestimate,10,date_label,202008,0.04095944,0.001295643,0.95,0.038479137,0.043462909,Topic 10(Covariate Level: 202003)
224,pointestimate,10,date_label,202108,0.060151994,0.00170179,0.95,0.056869986,0.063469359,Topic 10(Covariate Level: 202003)
225,pointestimate,10,date_label,202105,0.059576218,0.001650764,0.95,0.056400128,0.062795268,Topic 10(Covariate Level: 202003)
226,pointestimate,10,date_label,202010,0.041343291,0.00126981,0.95,0.038925913,0.043792277,Topic 10(Covariate Level: 202003)
227,pointestimate,10,date_label,202012,0.041727142,0.001244927,0.95,0.039352663,0.044102186,Topic 10(Covariate Level: 202003)
228,pointestimate,10,date_label,202106,0.059768143,0.001667669,0.95,0.056559179,0.063020893,Topic 10(Covariate Level: 202003)
229,pointestimate,10,date_label,202101,0.058808516,0.00158426,0.95,0.055769464,0.061920154,Topic 10(Covariate Level: 202003)
230,pointestimate,10,date_label,202011,0.041535217,0.001257246,0.95,0.039138706,0.04394762,Topic 10(Covariate Level: 202003)
231,pointestimate,10,date_label,202111,0.060727771,0.001753704,0.95,0.057366186,0.064179082,Topic 10(Covariate Level: 202003)
232,pointestimate,10,date_label,202107,0.059960069,0.001684678,0.95,0.056718819,0.063246664,Topic 10(Covariate Level: 202003)
233,pointestimate,10,date_label,202104,0.059384292,0.001633967,0.95,0.056240163,0.062581606,Topic 10(Covariate Level: 202003)
234,pointestimate,10,date_label,202109,0.06034392,0.001719,0.95,0.057032955,0.063704228,Topic 10(Covariate Level: 202003)
235,pointestimate,10,date_label,202007,0.040767515,0.001308898,0.95,0.038255274,0.043293667,Topic 10(Covariate Level: 202003)
236,pointestimate,10,date_label,202112,0.060919697,0.001771192,0.95,0.057526617,0.064407834,Topic 10(Covariate Level: 202003)
237,pointestimate,10,date_label,202110,0.060535846,0.001736305,0.95,0.057193824,0.063943685,Topic 10(Covariate Level: 202003)
238,pointestimate,10,date_label,202102,0.059000441,0.001600711,0.95,0.055925118,0.062140906,Topic 10(Covariate Level: 202003)
239,pointestimate,10,date_label,202006,0.040575589,0.00132237,0.95,0.038036153,0.043131919,Topic 10(Covariate Level: 202003)
240,pointestimate,10,date_label,202005,0.040383664,0.001336052,0.95,0.037805098,0.042965881,Topic 10(Covariate Level: 202003)
241,pointestimate,11,date_label,202003,0.025276377,0.001116467,0.95,0.022999666,0.027438645,Topic 11(Covariate Level: 202003)
242,pointestimate,11,date_label,202002,0.025231332,0.001127886,0.95,0.022930427,0.027419972,Topic 11(Covariate Level: 202003)
243,pointestimate,11,date_label,202004,0.025321422,0.001105202,0.95,0.0230732,0.02745692,Topic 11(Covariate Level: 202003)
244,pointestimate,11,date_label,202001,0.025186287,0.001139453,0.95,0.02285897,0.027400152,Topic 11(Covariate Level: 202003)
245,pointestimate,11,date_label,202103,0.029780889,0.001306308,0.95,0.027356557,0.032376866,Topic 11(Covariate Level: 202003)
246,pointestimate,11,date_label,202009,0.025546648,0.001051335,0.95,0.023403084,0.02757208,Topic 11(Covariate Level: 202003)
247,pointestimate,11,date_label,202008,0.025501602,0.001061763,0.95,0.023329089,0.027539807,Topic 11(Covariate Level: 202003)
248,pointestimate,11,date_label,202108,0.030006114,0.001373519,0.95,0.027451716,0.032740843,Topic 11(Covariate Level: 202003)
249,pointestimate,11,date_label,202105,0.029870979,0.001332925,0.95,0.027397395,0.032527885,Topic 11(Covariate Level: 202003)
250,pointestimate,11,date_label,202010,0.025591693,0.00104109,0.95,0.023476042,0.027598552,Topic 11(Covariate Level: 202003)
251,pointestimate,11,date_label,202012,0.025681783,0.00102117,0.95,0.023592443,0.027653194,Topic 11(Covariate Level: 202003)
252,pointestimate,11,date_label,202106,0.029916024,0.00134637,0.95,0.027414103,0.032600117,Topic 11(Covariate Level: 202003)
253,pointestimate,11,date_label,202101,0.029690799,0.001280071,0.95,0.027310679,0.032236159,Topic 11(Covariate Level: 202003)
254,pointestimate,11,date_label,202011,0.025636738,0.001031033,0.95,0.023547941,0.027617932,Topic 11(Covariate Level: 202003)
255,pointestimate,11,date_label,202111,0.03014125,0.001414852,0.95,0.027513412,0.032974315,Topic 11(Covariate Level: 202003)
256,pointestimate,11,date_label,202107,0.029961069,0.001359903,0.95,0.027432382,0.03266926,Topic 11(Covariate Level: 202003)
257,pointestimate,11,date_label,202104,0.029825934,0.00131957,0.95,0.027377255,0.032457443,Topic 11(Covariate Level: 202003)
258,pointestimate,11,date_label,202109,0.030051159,0.001387218,0.95,0.027473551,0.032815097,Topic 11(Covariate Level: 202003)
259,pointestimate,11,date_label,202007,0.025456557,0.001072369,0.95,0.023267356,0.027517424,Topic 11(Covariate Level: 202003)
260,pointestimate,11,date_label,202112,0.030186295,0.001428783,0.95,0.027535605,0.033058911,Topic 11(Covariate Level: 202003)
261,pointestimate,11,date_label,202110,0.030096205,0.001400997,0.95,0.027492614,0.032893753,Topic 11(Covariate Level: 202003)
262,pointestimate,11,date_label,202102,0.029735844,0.00129314,0.95,0.027338533,0.032307483,Topic 11(Covariate Level: 202003)
263,pointestimate,11,date_label,202006,0.025411512,0.001083148,0.95,0.023198554,0.027490304,Topic 11(Covariate Level: 202003)
264,pointestimate,11,date_label,202005,0.025366467,0.001094093,0.95,0.023138952,0.027466902,Topic 11(Covariate Level: 202003)
265,pointestimate,12,date_label,202003,0.015538526,0.000751445,0.95,0.014040588,0.01699427,Topic 12(Covariate Level: 202003)
266,pointestimate,12,date_label,202002,0.015512516,0.000759659,0.95,0.013997215,0.016987152,Topic 12(Covariate Level: 202003)
267,pointestimate,12,date_label,202004,0.015564536,0.000743323,0.95,0.014087529,0.017003386,Topic 12(Covariate Level: 202003)
268,pointestimate,12,date_label,202001,0.015486506,0.000767962,0.95,0.013958046,0.016977797,Topic 12(Covariate Level: 202003)
269,pointestimate,12,date_label,202103,0.018139533,0.000835608,0.95,0.016507345,0.019755878,Topic 12(Covariate Level: 202003)
270,pointestimate,12,date_label,202009,0.015694587,0.000704211,0.95,0.014283427,0.017054412,Topic 12(Covariate Level: 202003)
271,pointestimate,12,date_label,202008,0.015668577,0.000711823,0.95,0.014243517,0.017043436,Topic 12(Covariate Level: 202003)
272,pointestimate,12,date_label,202108,0.018269584,0.000881124,0.95,0.016539734,0.019991912,Topic 12(Covariate Level: 202003)
273,pointestimate,12,date_label,202105,0.018191553,0.000853627,0.95,0.016516995,0.019855406,Topic 12(Covariate Level: 202003)
274,pointestimate,12,date_label,202010,0.015720597,0.000696712,0.95,0.01431636,0.017057741,Topic 12(Covariate Level: 202003)
275,pointestimate,12,date_label,202012,0.015772617,0.000682064,0.95,0.014400928,0.017087958,Topic 12(Covariate Level: 202003)
276,pointestimate,12,date_label,202106,0.018217563,0.000862733,0.95,0.016521825,0.019898935,Topic 12(Covariate Level: 202003)
277,pointestimate,12,date_label,202101,0.018087513,0.000817857,0.95,0.016492387,0.019687936,Topic 12(Covariate Level: 202003)
278,pointestimate,12,date_label,202011,0.015746607,0.000689328,0.95,0.014359303,0.017072176,Topic 12(Covariate Level: 202003)
279,pointestimate,12,date_label,202111,0.018347614,0.000909138,0.95,0.016553826,0.020127848,Topic 12(Covariate Level: 202003)
280,pointestimate,12,date_label,202107,0.018243573,0.000871899,0.95,0.016529643,0.019945964,Topic 12(Covariate Level: 202003)
281,pointestimate,12,date_label,202104,0.018165543,0.000844585,0.95,0.016514347,0.019805642,Topic 12(Covariate Level: 202003)
282,pointestimate,12,date_label,202109,0.018295594,0.000890407,0.95,0.016546138,0.020035305,Topic 12(Covariate Level: 202003)
283,pointestimate,12,date_label,202007,0.015642567,0.000719544,0.95,0.014200278,0.017029541,Topic 12(Covariate Level: 202003)
284,pointestimate,12,date_label,202112,0.018373624,0.000918582,0.95,0.016555757,0.020170693,Topic 12(Covariate Level: 202003)
285,pointestimate,12,date_label,202110,0.018321604,0.000899745,0.95,0.016551896,0.020082608,Topic 12(Covariate Level: 202003)
286,pointestimate,12,date_label,202102,0.018113523,0.000826698,0.95,0.016499718,0.019718496,Topic 12(Covariate Level: 202003)
287,pointestimate,12,date_label,202006,0.015616557,0.000727369,0.95,0.014161604,0.017021468,Topic 12(Covariate Level: 202003)
288,pointestimate,12,date_label,202005,0.015590546,0.000735297,0.95,0.014124567,0.017018474,Topic 12(Covariate Level: 202003)
289,pointestimate,13,date_label,202003,0.035922476,0.001205448,0.95,0.033540295,0.038351665,Topic 13(Covariate Level: 202003)
290,pointestimate,13,date_label,202002,0.035889381,0.001218928,0.95,0.033490429,0.038336807,Topic 13(Covariate Level: 202003)
291,pointestimate,13,date_label,202004,0.035955571,0.001192123,0.95,0.03359584,0.038358772,Topic 13(Covariate Level: 202003)
292,pointestimate,13,date_label,202001,0.035856286,0.001232558,0.95,0.033443825,0.038329896,Topic 13(Covariate Level: 202003)
293,pointestimate,13,date_label,202103,0.039231987,0.001372873,0.95,0.036625453,0.041971235,Topic 13(Covariate Level: 202003)
294,pointestimate,13,date_label,202009,0.036121047,0.001128009,0.95,0.033910067,0.038409826,Topic 13(Covariate Level: 202003)
295,pointestimate,13,date_label,202008,0.036087951,0.001140477,0.95,0.033855597,0.038404677,Topic 13(Covariate Level: 202003)
296,pointestimate,13,date_label,202108,0.039397463,0.001448682,0.95,0.036633451,0.042270068,Topic 13(Covariate Level: 202003)
297,pointestimate,13,date_label,202105,0.039298178,0.001402905,0.95,0.036627723,0.042101787,Topic 13(Covariate Level: 202003)
298,pointestimate,13,date_label,202010,0.036154142,0.001115729,0.95,0.033953374,0.038423443,Topic 13(Covariate Level: 202003)
299,pointestimate,13,date_label,202012,0.036220332,0.001091761,0.95,0.034067092,0.038455718,Topic 13(Covariate Level: 202003)
300,pointestimate,13,date_label,202106,0.039331273,0.00141807,0.95,0.036633018,0.042160735,Topic 13(Covariate Level: 202003)
301,pointestimate,13,date_label,202101,0.039165797,0.00134326,0.95,0.036605829,0.041845926,Topic 13(Covariate Level: 202003)
302,pointestimate,13,date_label,202011,0.036187237,0.001103644,0.95,0.033999184,0.038433841,Topic 13(Covariate Level: 202003)
303,pointestimate,13,date_label,202111,0.039496748,0.001495263,0.95,0.036638109,0.042454668,Topic 13(Covariate Level: 202003)
304,pointestimate,13,date_label,202107,0.039364368,0.00143333,0.95,0.03663594,0.0422121,Topic 13(Covariate Level: 202003)
305,pointestimate,13,date_label,202104,0.039265082,0.001387838,0.95,0.036628084,0.042040573,Topic 13(Covariate Level: 202003)
306,pointestimate,13,date_label,202109,0.039430558,0.001464123,0.95,0.036628737,0.042327492,Topic 13(Covariate Level: 202003)
307,pointestimate,13,date_label,202007,0.036054856,0.001153129,0.95,0.033802622,0.038402163,Topic 13(Covariate Level: 202003)
308,pointestimate,13,date_label,202112,0.039529843,0.001510956,0.95,0.036638306,0.042517524,Topic 13(Covariate Level: 202003)
309,pointestimate,13,date_label,202110,0.039463653,0.001479651,0.95,0.03663407,0.042391801,Topic 13(Covariate Level: 202003)
310,pointestimate,13,date_label,202102,0.039198892,0.001358013,0.95,0.036613168,0.041904981,Topic 13(Covariate Level: 202003)
311,pointestimate,13,date_label,202006,0.036021761,0.001165958,0.95,0.033737367,0.038385231,Topic 13(Covariate Level: 202003)
312,pointestimate,13,date_label,202005,0.035988666,0.001178957,0.95,0.033666603,0.038377807,Topic 13(Covariate Level: 202003)
313,pointestimate,14,date_label,202003,0.045256134,0.001368393,0.95,0.042669794,0.047890515,Topic 14(Covariate Level: 202003)
314,pointestimate,14,date_label,202002,0.045232636,0.001381405,0.95,0.042617836,0.047898585,Topic 14(Covariate Level: 202003)
315,pointestimate,14,date_label,202004,0.045279632,0.001355574,0.95,0.042721725,0.047889668,Topic 14(Covariate Level: 202003)
316,pointestimate,14,date_label,202001,0.045209138,0.001394605,0.95,0.042578774,0.047904896,Topic 14(Covariate Level: 202003)
317,pointestimate,14,date_label,202103,0.047605932,0.001626604,0.95,0.044396956,0.050824043,Topic 14(Covariate Level: 202003)
318,pointestimate,14,date_label,202009,0.045397122,0.001294571,0.95,0.042957582,0.047906019,Topic 14(Covariate Level: 202003)
319,pointestimate,14,date_label,202008,0.045373624,0.00130634,0.95,0.042917434,0.04789059,Topic 14(Covariate Level: 202003)
320,pointestimate,14,date_label,202108,0.047723421,0.001706075,0.95,0.044366867,0.051083268,Topic 14(Covariate Level: 202003)
321,pointestimate,14,date_label,202105,0.047652928,0.00165807,0.95,0.044390941,0.05093742,Topic 14(Covariate Level: 202003)
322,pointestimate,14,date_label,202010,0.04542062,0.00128303,0.95,0.043010958,0.047914165,Topic 14(Covariate Level: 202003)
323,pointestimate,14,date_label,202012,0.045467616,0.001260656,0.95,0.043101299,0.047890737,Topic 14(Covariate Level: 202003)
324,pointestimate,14,date_label,202106,0.047676426,0.001673967,0.95,0.044376118,0.05099146,Topic 14(Covariate Level: 202003)
325,pointestimate,14,date_label,202101,0.047558936,0.001595598,0.95,0.044406998,0.050713655,Topic 14(Covariate Level: 202003)
326,pointestimate,14,date_label,202011,0.045444118,0.001271723,0.95,0.04305468,0.047904555,Topic 14(Covariate Level: 202003)
327,pointestimate,14,date_label,202111,0.047793915,0.001754977,0.95,0.044352427,0.051238878,Topic 14(Covariate Level: 202003)
328,pointestimate,14,date_label,202107,0.047699923,0.00168997,0.95,0.044375692,0.051039425,Topic 14(Covariate Level: 202003)
329,pointestimate,14,date_label,202104,0.04762943,0.001642281,0.95,0.044398497,0.050883929,Topic 14(Covariate Level: 202003)
330,pointestimate,14,date_label,202109,0.047746919,0.00172228,0.95,0.04435793,0.051139406,Topic 14(Covariate Level: 202003)
331,pointestimate,14,date_label,202007,0.045350126,0.001318331,0.95,0.042863724,0.047884202,Topic 14(Covariate Level: 202003)
332,pointestimate,14,date_label,202112,0.047817413,0.001771464,0.95,0.044339216,0.051290071,Topic 14(Covariate Level: 202003)
333,pointestimate,14,date_label,202110,0.047770417,0.001738581,0.95,0.044356827,0.051194092,Topic 14(Covariate Level: 202003)
334,pointestimate,14,date_label,202102,0.047582434,0.001611042,0.95,0.044395415,0.050756737,Topic 14(Covariate Level: 202003)
335,pointestimate,14,date_label,202006,0.045326628,0.001330537,0.95,0.042818507,0.047878004,Topic 14(Covariate Level: 202003)
336,pointestimate,14,date_label,202005,0.04530313,0.001342954,0.95,0.042776475,0.047882174,Topic 14(Covariate Level: 202003)
337,pointestimate,15,date_label,202003,0.043308787,0.00107602,0.95,0.041304897,0.045400418,Topic 15(Covariate Level: 202003)
338,pointestimate,15,date_label,202002,0.043321372,0.001087903,0.95,0.041302367,0.04544379,Topic 15(Covariate Level: 202003)
339,pointestimate,15,date_label,202004,0.043296201,0.001064268,0.95,0.041312526,0.045367686,Topic 15(Covariate Level: 202003)
340,pointestimate,15,date_label,202001,0.043333958,0.001099915,0.95,0.04129016,0.045477328,Topic 15(Covariate Level: 202003)
341,pointestimate,15,date_label,202103,0.04205022,0.001199271,0.95,0.039439691,0.044233245,Topic 15(Covariate Level: 202003)
342,pointestimate,15,date_label,202009,0.043233273,0.001007663,0.95,0.041356295,0.045187579,Topic 15(Covariate Level: 202003)
343,pointestimate,15,date_label,202008,0.043245858,0.001018681,0.95,0.041339403,0.045238659,Topic 15(Covariate Level: 202003)
344,pointestimate,15,date_label,202108,0.041987292,0.001265117,0.95,0.039216717,0.044291249,Topic 15(Covariate Level: 202003)
345,pointestimate,15,date_label,202105,0.042025049,0.001225343,0.95,0.039344898,0.044257348,Topic 15(Covariate Level: 202003)
346,pointestimate,15,date_label,202010,0.043220687,0.000996806,0.95,0.041365317,0.045152811,Topic 15(Covariate Level: 202003)
347,pointestimate,15,date_label,202012,0.043195516,0.000975598,0.95,0.041379451,0.045084339,Topic 15(Covariate Level: 202003)
348,pointestimate,15,date_label,202106,0.042012463,0.001238515,0.95,0.039302171,0.044269821,Topic 15(Covariate Level: 202003)
349,pointestimate,15,date_label,202101,0.042075391,0.001173583,0.95,0.039545781,0.044230081,Topic 15(Covariate Level: 202003)
350,pointestimate,15,date_label,202011,0.043208101,0.000986116,0.95,0.041377733,0.045114279,Topic 15(Covariate Level: 202003)
351,pointestimate,15,date_label,202111,0.041949535,0.001305626,0.95,0.039094792,0.044331296,Topic 15(Covariate Level: 202003)
352,pointestimate,15,date_label,202107,0.041999877,0.001251774,0.95,0.039259444,0.04427496,Topic 15(Covariate Level: 202003)
353,pointestimate,15,date_label,202104,0.042037634,0.001212261,0.95,0.039387625,0.044243099,Topic 15(Covariate Level: 202003)
354,pointestimate,15,date_label,202109,0.041974706,0.001278541,0.95,0.039173854,0.044306562,Topic 15(Covariate Level: 202003)
355,pointestimate,15,date_label,202007,0.043258444,0.001029856,0.95,0.041332418,0.045278389,Topic 15(Covariate Level: 202003)
356,pointestimate,15,date_label,202112,0.041936949,0.00131928,0.95,0.039055326,0.044335668,Topic 15(Covariate Level: 202003)
357,pointestimate,15,date_label,202110,0.04196212,0.001292045,0.95,0.039136292,0.044318252,Topic 15(Covariate Level: 202003)
358,pointestimate,15,date_label,202102,0.042062806,0.001186378,0.95,0.039492991,0.04423217,Topic 15(Covariate Level: 202003)
359,pointestimate,15,date_label,202006,0.04327103,0.001041182,0.95,0.041332479,0.045307234,Topic 15(Covariate Level: 202003)
360,pointestimate,15,date_label,202005,0.043283615,0.001052654,0.95,0.041327853,0.045340122,Topic 15(Covariate Level: 202003)
361,pointestimate,16,date_label,202003,0.050198076,0.00179277,0.95,0.046705014,0.053712456,Topic 16(Covariate Level: 202003)
362,pointestimate,16,date_label,202002,0.050187831,0.001810911,0.95,0.046656764,0.053733024,Topic 16(Covariate Level: 202003)
363,pointestimate,16,date_label,202004,0.05020832,0.001774807,0.95,0.046736925,0.053680707,Topic 16(Covariate Level: 202003)
364,pointestimate,16,date_label,202001,0.050177587,0.001829223,0.95,0.046608073,0.053757714,Topic 16(Covariate Level: 202003)
365,pointestimate,16,date_label,202103,0.0512225,0.001780204,0.95,0.047622512,0.054593261,Topic 16(Covariate Level: 202003)
366,pointestimate,16,date_label,202009,0.050259541,0.001687834,0.95,0.046951247,0.053590265,Topic 16(Covariate Level: 202003)
367,pointestimate,16,date_label,202008,0.050249297,0.00170483,0.95,0.046921313,0.05360329,Topic 16(Covariate Level: 202003)
368,pointestimate,16,date_label,202108,0.051273721,0.001871993,0.95,0.047470118,0.054875934,Topic 16(Covariate Level: 202003)
369,pointestimate,16,date_label,202105,0.051242988,0.001816415,0.95,0.047573239,0.054697394,Topic 16(Covariate Level: 202003)
370,pointestimate,16,date_label,202010,0.050269785,0.001671051,0.95,0.04700468,0.053578781,Topic 16(Covariate Level: 202003)
371,pointestimate,16,date_label,202012,0.050290274,0.001638145,0.95,0.047102406,0.053554677,Topic 16(Covariate Level: 202003)
372,pointestimate,16,date_label,202106,0.051253233,0.001834778,0.95,0.047534147,0.054762636,Topic 16(Covariate Level: 202003)
373,pointestimate,16,date_label,202101,0.051202012,0.001744716,0.95,0.047653372,0.054499882,Topic 16(Covariate Level: 202003)
374,pointestimate,16,date_label,202011,0.05028003,0.001654486,0.95,0.047056271,0.053576109,Topic 16(Covariate Level: 202003)
375,pointestimate,16,date_label,202111,0.051304454,0.00192897,0.95,0.047388593,0.055015529,Topic 16(Covariate Level: 202003)
376,pointestimate,16,date_label,202107,0.051263477,0.001853305,0.95,0.047492638,0.054820672,Topic 16(Covariate Level: 202003)
377,pointestimate,16,date_label,202104,0.051232744,0.001798222,0.95,0.047599715,0.054649672,Topic 16(Covariate Level: 202003)
378,pointestimate,16,date_label,202109,0.051283965,0.001890836,0.95,0.04744384,0.05492444,Topic 16(Covariate Level: 202003)
379,pointestimate,16,date_label,202007,0.050239053,0.001722031,0.95,0.046884791,0.053624043,Topic 16(Covariate Level: 202003)
380,pointestimate,16,date_label,202112,0.051314698,0.001948252,0.95,0.047373484,0.055047293,Topic 16(Covariate Level: 202003)
381,pointestimate,16,date_label,202110,0.05129421,0.00190983,0.95,0.047414598,0.054969945,Topic 16(Covariate Level: 202003)
382,pointestimate,16,date_label,202102,0.051212256,0.001762367,0.95,0.047640166,0.054539239,Topic 16(Covariate Level: 202003)
383,pointestimate,16,date_label,202006,0.050228808,0.001739431,0.95,0.046836156,0.053652277,Topic 16(Covariate Level: 202003)
384,pointestimate,16,date_label,202005,0.050218564,0.001757025,0.95,0.046793164,0.053672277,Topic 16(Covariate Level: 202003)
385,pointestimate,17,date_label,202003,0.027088826,0.001081512,0.95,0.025013639,0.029247084,Topic 17(Covariate Level: 202003)
386,pointestimate,17,date_label,202002,0.02707246,0.001091959,0.95,0.0249805,0.029257692,Topic 17(Covariate Level: 202003)
387,pointestimate,17,date_label,202004,0.027105192,0.001071209,0.95,0.025046778,0.029249803,Topic 17(Covariate Level: 202003)
388,pointestimate,17,date_label,202001,0.027056094,0.001102546,0.95,0.024952229,0.029263686,Topic 17(Covariate Level: 202003)
389,pointestimate,17,date_label,202103,0.02872543,0.001249662,0.95,0.026271098,0.031207268,Topic 17(Covariate Level: 202003)
390,pointestimate,17,date_label,202009,0.027187022,0.00102201,0.95,0.025215448,0.029248684,Topic 17(Covariate Level: 202003)
391,pointestimate,17,date_label,202008,0.027170656,0.001031527,0.95,0.025181439,0.02924864,Topic 17(Covariate Level: 202003)
392,pointestimate,17,date_label,202108,0.02880726,0.001311357,0.95,0.026235886,0.031400828,Topic 17(Covariate Level: 202003)
393,pointestimate,17,date_label,202105,0.028758162,0.001274078,0.95,0.026256935,0.03128049,Topic 17(Covariate Level: 202003)
394,pointestimate,17,date_label,202010,0.027203388,0.001012664,0.95,0.025256142,0.029242255,Topic 17(Covariate Level: 202003)
395,pointestimate,17,date_label,202012,0.02723612,0.000994505,0.95,0.02534604,0.029247847,Topic 17(Covariate Level: 202003)
396,pointestimate,17,date_label,202106,0.028774528,0.001286419,0.95,0.026253981,0.03131546,Topic 17(Covariate Level: 202003)
397,pointestimate,17,date_label,202101,0.028692698,0.001225621,0.95,0.026279747,0.03112208,Topic 17(Covariate Level: 202003)
398,pointestimate,17,date_label,202011,0.027219754,0.001003495,0.95,0.025299688,0.029247089,Topic 17(Covariate Level: 202003)
399,pointestimate,17,date_label,202111,0.028856358,0.001349364,0.95,0.026216296,0.031532089,Topic 17(Covariate Level: 202003)
400,pointestimate,17,date_label,202107,0.028790894,0.001298846,0.95,0.026248447,0.03135467,Topic 17(Covariate Level: 202003)
401,pointestimate,17,date_label,202104,0.028741796,0.001261825,0.95,0.026263097,0.03124391,Topic 17(Covariate Level: 202003)
402,pointestimate,17,date_label,202109,0.028823626,0.001323948,0.95,0.026232398,0.031442309,Topic 17(Covariate Level: 202003)
403,pointestimate,17,date_label,202007,0.02715429,0.001041209,0.95,0.025146717,0.029251028,Topic 17(Covariate Level: 202003)
404,pointestimate,17,date_label,202112,0.028872724,0.001362185,0.95,0.02620554,0.031570664,Topic 17(Covariate Level: 202003)
405,pointestimate,17,date_label,202110,0.028839992,0.001336618,0.95,0.026227052,0.031488292,Topic 17(Covariate Level: 202003)
406,pointestimate,17,date_label,202102,0.028709064,0.001237593,0.95,0.026274136,0.03116493,Topic 17(Covariate Level: 202003)
407,pointestimate,17,date_label,202006,0.027137924,0.001051054,0.95,0.025113023,0.029254445,Topic 17(Covariate Level: 202003)
408,pointestimate,17,date_label,202005,0.027121558,0.001061055,0.95,0.025079384,0.029259156,Topic 17(Covariate Level: 202003)
409,pointestimate,18,date_label,202003,0.040041277,0.001490966,0.95,0.03723398,0.043085865,Topic 18(Covariate Level: 202003)
410,pointestimate,18,date_label,202002,0.040049932,0.00150581,0.95,0.037222654,0.043137071,Topic 18(Covariate Level: 202003)
411,pointestimate,18,date_label,202004,0.040032623,0.001476262,0.95,0.037241444,0.043034659,Topic 18(Covariate Level: 202003)
412,pointestimate,18,date_label,202001,0.040058586,0.00152079,0.95,0.037207787,0.043188278,Topic 18(Covariate Level: 202003)
413,pointestimate,18,date_label,202103,0.039175825,0.001444656,0.95,0.036371205,0.041885699,Topic 18(Covariate Level: 202003)
414,pointestimate,18,date_label,202009,0.03998935,0.001404995,0.95,0.03734036,0.042804821,Topic 18(Covariate Level: 202003)
415,pointestimate,18,date_label,202008,0.039998005,0.001418933,0.95,0.037328632,0.04284327,Topic 18(Covariate Level: 202003)
416,pointestimate,18,date_label,202108,0.039132552,0.001518023,0.95,0.036165931,0.041967656,Topic 18(Covariate Level: 202003)
417,pointestimate,18,date_label,202105,0.039158516,0.001473572,0.95,0.036292144,0.041929911,Topic 18(Covariate Level: 202003)
418,pointestimate,18,date_label,202010,0.039980696,0.001391224,0.95,0.037364149,0.04276548,Topic 18(Covariate Level: 202003)
419,pointestimate,18,date_label,202012,0.039963387,0.001364204,0.95,0.037427819,0.042693229,Topic 18(Covariate Level: 202003)
420,pointestimate,18,date_label,202106,0.039149861,0.001488249,0.95,0.036250073,0.041956074,Topic 18(Covariate Level: 202003)
421,pointestimate,18,date_label,202101,0.039193134,0.001416355,0.95,0.036435095,0.041862061,Topic 18(Covariate Level: 202003)
422,pointestimate,18,date_label,202011,0.039972041,0.001377625,0.95,0.037401706,0.042722841,Topic 18(Covariate Level: 202003)
423,pointestimate,18,date_label,202111,0.039106588,0.001563668,0.95,0.036031829,0.042018823,Topic 18(Covariate Level: 202003)
424,pointestimate,18,date_label,202107,0.039141207,0.001503068,0.95,0.036211175,0.041965169,Topic 18(Covariate Level: 202003)
425,pointestimate,18,date_label,202104,0.03916717,0.001459039,0.95,0.036334216,0.041904052,Topic 18(Covariate Level: 202003)
426,pointestimate,18,date_label,202109,0.039123898,0.001533111,0.95,0.03612386,0.04198032,Topic 18(Covariate Level: 202003)
427,pointestimate,18,date_label,202007,0.040006659,0.001433033,0.95,0.037311679,0.042887558,Topic 18(Covariate Level: 202003)
428,pointestimate,18,date_label,202112,0.039097934,0.001579131,0.95,0.03598952,0.042040629,Topic 18(Covariate Level: 202003)
429,pointestimate,18,date_label,202110,0.039115243,0.001548327,0.95,0.036077805,0.041993805,Topic 18(Covariate Level: 202003)
430,pointestimate,18,date_label,202102,0.039184479,0.001430426,0.95,0.036403902,0.041874463,Topic 18(Covariate Level: 202003)
431,pointestimate,18,date_label,202006,0.040015314,0.001447291,0.95,0.03728197,0.042932247,Topic 18(Covariate Level: 202003)
432,pointestimate,18,date_label,202005,0.040023968,0.001461703,0.95,0.037252158,0.042983453,Topic 18(Covariate Level: 202003)
433,pointestimate,19,date_label,202003,0.031616223,0.001543508,0.95,0.028705801,0.03463647,Topic 19(Covariate Level: 202003)
434,pointestimate,19,date_label,202002,0.031154652,0.001558018,0.95,0.028209143,0.03419496,Topic 19(Covariate Level: 202003)
435,pointestimate,19,date_label,202004,0.032077795,0.001529227,0.95,0.02920135,0.035070749,Topic 19(Covariate Level: 202003)
436,pointestimate,19,date_label,202001,0.030693081,0.001572751,0.95,0.027739612,0.033756306,Topic 19(Covariate Level: 202003)
437,pointestimate,19,date_label,202103,0.077773355,0.001882581,0.95,0.074074266,0.08135475,Topic 19(Covariate Level: 202003)
438,pointestimate,19,date_label,202009,0.034385651,0.001461486,0.95,0.031644754,0.037212089,Topic 19(Covariate Level: 202003)
439,pointestimate,19,date_label,202008,0.03392408,0.001474523,0.95,0.031162506,0.036773546,Topic 19(Covariate Level: 202003)
440,pointestimate,19,date_label,202108,0.080081211,0.001973957,0.95,0.076215895,0.083867632,Topic 19(Covariate Level: 202003)
441,pointestimate,19,date_label,202105,0.078696497,0.001918777,0.95,0.074940933,0.082369131,Topic 19(Covariate Level: 202003)
442,pointestimate,19,date_label,202010,0.034847223,0.001448719,0.95,0.032133639,0.037660076,Topic 19(Covariate Level: 202003)
443,pointestimate,19,date_label,202012,0.035770365,0.001424023,0.95,0.033117388,0.038538527,Topic 19(Covariate Level: 202003)
444,pointestimate,19,date_label,202106,0.079158069,0.001937056,0.95,0.075375836,0.082876119,Topic 19(Covariate Level: 202003)
445,pointestimate,19,date_label,202101,0.076850212,0.001846889,0.95,0.07322904,0.080349508,Topic 19(Covariate Level: 202003)
446,pointestimate,19,date_label,202011,0.035308794,0.001436229,0.95,0.032630556,0.038107031,Topic 19(Covariate Level: 202003)
447,pointestimate,19,date_label,202111,0.081465925,0.002030123,0.95,0.077486183,0.085313613,Topic 19(Covariate Level: 202003)
448,pointestimate,19,date_label,202107,0.07961964,0.00195545,0.95,0.075795642,0.083379891,Topic 19(Covariate Level: 202003)
449,pointestimate,19,date_label,202104,0.078234926,0.001900618,0.95,0.074508454,0.081853248,Topic 19(Covariate Level: 202003)
450,pointestimate,19,date_label,202109,0.080542783,0.001992574,0.95,0.076634258,0.084349626,Topic 19(Covariate Level: 202003)
451,pointestimate,19,date_label,202007,0.033462509,0.001487823,0.95,0.030661464,0.036334612,Topic 19(Covariate Level: 202003)
452,pointestimate,19,date_label,202112,0.081927497,0.00204905,0.95,0.077923116,0.085798533,Topic 19(Covariate Level: 202003)
453,pointestimate,19,date_label,202110,0.081004354,0.002011297,0.95,0.077059706,0.084831619,Topic 19(Covariate Level: 202003)
454,pointestimate,19,date_label,202102,0.077311783,0.00186467,0.95,0.073651654,0.080848916,Topic 19(Covariate Level: 202003)
455,pointestimate,19,date_label,202006,0.033000937,0.001501377,0.95,0.03017398,0.035909556,Topic 19(Covariate Level: 202003)
456,pointestimate,19,date_label,202005,0.032539366,0.001515181,0.95,0.029685073,0.035491884,Topic 19(Covariate Level: 202003)
457,pointestimate,20,date_label,202003,0.055926178,0.001642371,0.95,0.052566298,0.059072974,Topic 20(Covariate Level: 202003)
458,pointestimate,20,date_label,202002,0.056057126,0.00165814,0.95,0.052658106,0.059239066,Topic 20(Covariate Level: 202003)
459,pointestimate,20,date_label,202004,0.055795231,0.001626793,0.95,0.052467427,0.058911489,Topic 20(Covariate Level: 202003)
460,pointestimate,20,date_label,202001,0.056188074,0.001674096,0.95,0.052742894,0.059399306,Topic 20(Covariate Level: 202003)
461,pointestimate,20,date_label,202103,0.042831412,0.001774602,0.95,0.039345415,0.046142196,Topic 20(Covariate Level: 202003)
462,pointestimate,20,date_label,202009,0.055140492,0.001551973,0.95,0.051953929,0.058108781,Topic 20(Covariate Level: 202003)
463,pointestimate,20,date_label,202008,0.05527144,0.001566508,0.95,0.052064636,0.05826592,Topic 20(Covariate Level: 202003)
464,pointestimate,20,date_label,202108,0.042176674,0.001861674,0.95,0.038473718,0.045678891,Topic 20(Covariate Level: 202003)
465,pointestimate,20,date_label,202105,0.042569517,0.001809005,0.95,0.038992145,0.0459499,Topic 20(Covariate Level: 202003)
466,pointestimate,20,date_label,202010,0.055009545,0.001537665,0.95,0.051843299,0.057939007,Topic 20(Covariate Level: 202003)
467,pointestimate,20,date_label,202012,0.054747649,0.001509755,0.95,0.051659245,0.057625368,Topic 20(Covariate Level: 202003)
468,pointestimate,20,date_label,202106,0.042438569,0.001826424,0.95,0.03882268,0.045852193,Topic 20(Covariate Level: 202003)
469,pointestimate,20,date_label,202101,0.043093307,0.001740805,0.95,0.039681725,0.046352868,Topic 20(Covariate Level: 202003)
470,pointestimate,20,date_label,202011,0.054878597,0.00152359,0.95,0.051756036,0.057779903,Topic 20(Covariate Level: 202003)
471,pointestimate,20,date_label,202111,0.041783831,0.001915528,0.95,0.037986114,0.045399133,Topic 20(Covariate Level: 202003)
472,pointestimate,20,date_label,202107,0.042307621,0.001843981,0.95,0.038645926,0.045765658,Topic 20(Covariate Level: 202003)
473,pointestimate,20,date_label,202104,0.042700464,0.001791729,0.95,0.039165878,0.046052965,Topic 20(Covariate Level: 202003)
474,pointestimate,20,date_label,202109,0.042045726,0.001879499,0.95,0.038323079,0.045588199,Topic 20(Covariate Level: 202003)
475,pointestimate,20,date_label,202007,0.055402388,0.001581263,0.95,0.052156949,0.058423748,Topic 20(Covariate Level: 202003)
476,pointestimate,20,date_label,202112,0.041652883,0.001933725,0.95,0.037810395,0.045305068,Topic 20(Covariate Level: 202003)
477,pointestimate,20,date_label,202110,0.041914778,0.001897451,0.95,0.038161833,0.045494478,Topic 20(Covariate Level: 202003)
478,pointestimate,20,date_label,202102,0.04296236,0.001757625,0.95,0.039523361,0.046247294,Topic 20(Covariate Level: 202003)
479,pointestimate,20,date_label,202006,0.055533335,0.001596233,0.95,0.052268014,0.058590874,Topic 20(Covariate Level: 202003)
480,pointestimate,20,date_label,202005,0.055664283,0.001611411,0.95,0.052368175,0.058753485,Topic 20(Covariate Level: 202003)
481,pointestimate,21,date_label,202003,0.062245391,0.001582216,0.95,0.059248494,0.065482466,Topic 21(Covariate Level: 202003)
482,pointestimate,21,date_label,202002,0.062452292,0.001598032,0.95,0.059415794,0.065742448,Topic 21(Covariate Level: 202003)
483,pointestimate,21,date_label,202004,0.062038491,0.001566568,0.95,0.059078059,0.065239058,Topic 21(Covariate Level: 202003)
484,pointestimate,21,date_label,202001,0.062659192,0.001614011,0.95,0.059607499,0.065972203,Topic 21(Covariate Level: 202003)
485,pointestimate,21,date_label,202103,0.041555358,0.001629869,0.95,0.038320178,0.044694044,Topic 21(Covariate Level: 202003)
486,pointestimate,21,date_label,202009,0.061003989,0.00149103,0.95,0.058171597,0.064089066,Topic 21(Covariate Level: 202003)
487,pointestimate,21,date_label,202008,0.06121089,0.001505759,0.95,0.058348746,0.064329982,Topic 21(Covariate Level: 202003)
488,pointestimate,21,date_label,202108,0.040520857,0.001712757,0.95,0.037088222,0.04386085,Topic 21(Covariate Level: 202003)
489,pointestimate,21,date_label,202105,0.041141558,0.001662594,0.95,0.03782035,0.044356247,Topic 21(Covariate Level: 202003)
490,pointestimate,21,date_label,202010,0.060797089,0.001476501,0.95,0.058016801,0.063866687,Topic 21(Covariate Level: 202003)
491,pointestimate,21,date_label,202012,0.060383288,0.00144807,0.95,0.057640596,0.06340622,Topic 21(Covariate Level: 202003)
492,pointestimate,21,date_label,202106,0.040934657,0.001679176,0.95,0.037569883,0.044192373,Topic 21(Covariate Level: 202003)
493,pointestimate,21,date_label,202101,0.041969159,0.001597759,0.95,0.038821247,0.045047254,Topic 21(Covariate Level: 202003)
494,pointestimate,21,date_label,202011,0.060590189,0.001462179,0.95,0.057828321,0.063634271,Topic 21(Covariate Level: 202003)
495,pointestimate,21,date_label,202111,0.039900156,0.001764111,0.95,0.036371012,0.043359997,Topic 21(Covariate Level: 202003)
496,pointestimate,21,date_label,202107,0.040727757,0.001695898,0.95,0.037326369,0.044029158,Topic 21(Covariate Level: 202003)
497,pointestimate,21,date_label,202104,0.041348458,0.001646157,0.95,0.038066698,0.044522828,Topic 21(Covariate Level: 202003)
498,pointestimate,21,date_label,202109,0.040313956,0.001729747,0.95,0.036842426,0.043692309,Topic 21(Covariate Level: 202003)
499,pointestimate,21,date_label,202007,0.06141779,0.001520683,0.95,0.058536511,0.064557011,Topic 21(Covariate Level: 202003)
500,pointestimate,21,date_label,202112,0.039693255,0.001781476,0.95,0.036120633,0.043183986,Topic 21(Covariate Level: 202003)
501,pointestimate,21,date_label,202110,0.040107056,0.001746867,0.95,0.036599351,0.04352488,Topic 21(Covariate Level: 202003)
502,pointestimate,21,date_label,202102,0.041762259,0.001613735,0.95,0.038570592,0.044865573,Topic 21(Covariate Level: 202003)
503,pointestimate,21,date_label,202006,0.06162469,0.001535796,0.95,0.058706719,0.064783088,Topic 21(Covariate Level: 202003)
504,pointestimate,21,date_label,202005,0.061831591,0.001551093,0.95,0.058894144,0.065013836,Topic 21(Covariate Level: 202003)
505,pointestimate,22,date_label,202003,0.050238637,0.000894181,0.95,0.048494035,0.052076543,Topic 22(Covariate Level: 202003)
506,pointestimate,22,date_label,202002,0.050047031,0.000903401,0.95,0.048281679,0.051896149,Topic 22(Covariate Level: 202003)
507,pointestimate,22,date_label,202004,0.050430243,0.000885108,0.95,0.048699586,0.052256937,Topic 22(Covariate Level: 202003)
508,pointestimate,22,date_label,202001,0.049855425,0.000912765,0.95,0.048077036,0.051715756,Topic 22(Covariate Level: 202003)
509,pointestimate,22,date_label,202103,0.069399247,0.001149233,0.95,0.067205749,0.071713097,Topic 22(Covariate Level: 202003)
510,pointestimate,22,date_label,202009,0.051388273,0.000842125,0.95,0.049750047,0.053146518,Topic 22(Covariate Level: 202003)
511,pointestimate,22,date_label,202008,0.051196667,0.000850388,0.95,0.049537111,0.052972672,Topic 22(Covariate Level: 202003)
512,pointestimate,22,date_label,202108,0.070357277,0.001208321,0.95,0.06803028,0.072779599,Topic 22(Covariate Level: 202003)
513,pointestimate,22,date_label,202105,0.069782459,0.001172674,0.95,0.067536982,0.072129735,Topic 22(Covariate Level: 202003)
514,pointestimate,22,date_label,202010,0.05157988,0.000834038,0.95,0.04995507,0.053324012,Topic 22(Covariate Level: 202003)
515,pointestimate,22,date_label,202012,0.051963092,0.000818416,0.95,0.05036975,0.053663399,Topic 22(Covariate Level: 202003)
516,pointestimate,22,date_label,202106,0.069974065,0.001184493,0.95,0.067699675,0.072341556,Topic 22(Covariate Level: 202003)
517,pointestimate,22,date_label,202101,0.069016035,0.001126071,0.95,0.066872624,0.071281958,Topic 22(Covariate Level: 202003)
518,pointestimate,22,date_label,202011,0.051771486,0.000826134,0.95,0.050160237,0.053491663,Topic 22(Covariate Level: 202003)
519,pointestimate,22,date_label,202111,0.070932096,0.001244507,0.95,0.068528224,0.073408724,Topic 22(Covariate Level: 202003)
520,pointestimate,22,date_label,202107,0.070165671,0.001196376,0.95,0.067858884,0.07256015,Topic 22(Covariate Level: 202003)
521,pointestimate,22,date_label,202104,0.069590853,0.00116092,0.95,0.067372,0.071913818,Topic 22(Covariate Level: 202003)
522,pointestimate,22,date_label,202109,0.070548884,0.001220325,0.95,0.068201394,0.072992161,Topic 22(Covariate Level: 202003)
523,pointestimate,22,date_label,202007,0.051005061,0.000858823,0.95,0.049321342,0.052793846,Topic 22(Covariate Level: 202003)
524,pointestimate,22,date_label,202112,0.071123702,0.001256681,0.95,0.068694865,0.073623157,Topic 22(Covariate Level: 202003)
525,pointestimate,22,date_label,202110,0.07074049,0.001232388,0.95,0.06836577,0.073199784,Topic 22(Covariate Level: 202003)
526,pointestimate,22,date_label,202102,0.069207641,0.001137616,0.95,0.067041828,0.071497494,Topic 22(Covariate Level: 202003)
527,pointestimate,22,date_label,202006,0.050813455,0.000867425,0.95,0.049117025,0.052617212,Topic 22(Covariate Level: 202003)
528,pointestimate,22,date_label,202005,0.050621849,0.000876188,0.95,0.048909508,0.05243733,Topic 22(Covariate Level: 202003)
529,pointestimate,23,date_label,202003,0.088742254,0.00198849,0.95,0.084697957,0.092358698,Topic 23(Covariate Level: 202003)
530,pointestimate,23,date_label,202002,0.0893087,0.002008702,0.95,0.085221735,0.092959076,Topic 23(Covariate Level: 202003)
531,pointestimate,23,date_label,202004,0.088175808,0.00196843,0.95,0.084182866,0.09175431,Topic 23(Covariate Level: 202003)
532,pointestimate,23,date_label,202001,0.089875145,0.002029061,0.95,0.085745513,0.093565341,Topic 23(Covariate Level: 202003)
533,pointestimate,23,date_label,202103,0.032097695,0.001736464,0.95,0.028737916,0.035576664,Topic 23(Covariate Level: 202003)
534,pointestimate,23,date_label,202009,0.08534358,0.001870574,0.95,0.081554419,0.08876224,Topic 23(Covariate Level: 202003)
535,pointestimate,23,date_label,202008,0.085910026,0.001889802,0.95,0.082085712,0.089360224,Topic 23(Covariate Level: 202003)
536,pointestimate,23,date_label,202108,0.029265467,0.001827435,0.95,0.025712958,0.03286314,Topic 23(Covariate Level: 202003)
537,pointestimate,23,date_label,202105,0.030964804,0.001772216,0.95,0.027508079,0.034483618,Topic 23(Covariate Level: 202003)
538,pointestimate,23,date_label,202010,0.084777135,0.001851527,0.95,0.081021429,0.088167886,Topic 23(Covariate Level: 202003)
539,pointestimate,23,date_label,202012,0.083644244,0.001814003,0.95,0.079956656,0.086988124,Topic 23(Covariate Level: 202003)
540,pointestimate,23,date_label,202106,0.030398358,0.001790417,0.95,0.026902905,0.033950817,Topic 23(Covariate Level: 202003)
541,pointestimate,23,date_label,202101,0.033230586,0.001701623,0.95,0.029933899,0.036613942,Topic 23(Covariate Level: 202003)
542,pointestimate,23,date_label,202011,0.084210689,0.001832668,0.95,0.080488438,0.087582446,Topic 23(Covariate Level: 202003)
543,pointestimate,23,date_label,202111,0.02756613,0.001884413,0.95,0.023898869,0.031275108,Topic 23(Covariate Level: 202003)
544,pointestimate,23,date_label,202107,0.029831912,0.001808825,0.95,0.02631249,0.033408868,Topic 23(Covariate Level: 202003)
545,pointestimate,23,date_label,202104,0.031531249,0.00175423,0.95,0.028127389,0.035026124,Topic 23(Covariate Level: 202003)
546,pointestimate,23,date_label,202109,0.028699021,0.00184624,0.95,0.025112975,0.03233339,Topic 23(Covariate Level: 202003)
547,pointestimate,23,date_label,202007,0.086476472,0.001909207,0.95,0.082618431,0.089961656,Topic 23(Covariate Level: 202003)
548,pointestimate,23,date_label,202112,0.026999684,0.00190377,0.95,0.023286364,0.030746247,Topic 23(Covariate Level: 202003)
549,pointestimate,23,date_label,202110,0.028132576,0.001865235,0.95,0.024513074,0.031803029,Topic 23(Covariate Level: 202003)
550,pointestimate,23,date_label,202102,0.03266414,0.001718926,0.95,0.029341712,0.036090062,Topic 23(Covariate Level: 202003)
551,pointestimate,23,date_label,202006,0.087042917,0.001928784,0.95,0.083140099,0.090556337,Topic 23(Covariate Level: 202003)
552,pointestimate,23,date_label,202005,0.087609363,0.001948527,0.95,0.083660022,0.091154112,Topic 23(Covariate Level: 202003)
553,pointestimate,24,date_label,202003,0.042130529,0.001280583,0.95,0.039715203,0.044629261,Topic 24(Covariate Level: 202003)
554,pointestimate,24,date_label,202002,0.042131565,0.001293595,0.95,0.039682878,0.044651425,Topic 24(Covariate Level: 202003)
555,pointestimate,24,date_label,202004,0.042129493,0.001267718,0.95,0.039736612,0.044608234,Topic 24(Covariate Level: 202003)
556,pointestimate,24,date_label,202001,0.042132601,0.001306751,0.95,0.039663177,0.044680305,Topic 24(Covariate Level: 202003)
557,pointestimate,24,date_label,202103,0.042026944,0.00137669,0.95,0.039445793,0.044820058,Topic 24(Covariate Level: 202003)
558,pointestimate,24,date_label,202009,0.042124314,0.001205779,0.95,0.03985577,0.044485893,Topic 24(Covariate Level: 202003)
559,pointestimate,24,date_label,202008,0.04212535,0.001217832,0.95,0.039829887,0.0445054,Topic 24(Covariate Level: 202003)
560,pointestimate,24,date_label,202108,0.042021765,0.001447562,0.95,0.039314919,0.044922364,Topic 24(Covariate Level: 202003)
561,pointestimate,24,date_label,202105,0.042024872,0.001404706,0.95,0.039380944,0.044866048,Topic 24(Covariate Level: 202003)
562,pointestimate,24,date_label,202010,0.042123278,0.001193902,0.95,0.039869905,0.044463097,Topic 24(Covariate Level: 202003)
563,pointestimate,24,date_label,202012,0.042121206,0.001170703,0.95,0.039898549,0.044407851,Topic 24(Covariate Level: 202003)
564,pointestimate,24,date_label,202106,0.042023836,0.001418884,0.95,0.039353188,0.044887184,Topic 24(Covariate Level: 202003)
565,pointestimate,24,date_label,202101,0.042029015,0.001349151,0.95,0.039513587,0.044765323,Topic 24(Covariate Level: 202003)
566,pointestimate,24,date_label,202011,0.042122242,0.001182208,0.95,0.039880334,0.04442707,Topic 24(Covariate Level: 202003)
567,pointestimate,24,date_label,202111,0.042018657,0.001491342,0.95,0.039227359,0.045014135,Topic 24(Covariate Level: 202003)
568,pointestimate,24,date_label,202107,0.0420228,0.00143317,0.95,0.039336017,0.044900098,Topic 24(Covariate Level: 202003)
569,pointestimate,24,date_label,202104,0.042025908,0.00139064,0.95,0.039411961,0.044844912,Topic 24(Covariate Level: 202003)
570,pointestimate,24,date_label,202109,0.042020729,0.001462057,0.95,0.03929037,0.044953429,Topic 24(Covariate Level: 202003)
571,pointestimate,24,date_label,202007,0.042126385,0.001230058,0.95,0.039813762,0.044536123,Topic 24(Covariate Level: 202003)
572,pointestimate,24,date_label,202112,0.042017621,0.001506126,0.95,0.039190808,0.045042888,Topic 24(Covariate Level: 202003)
573,pointestimate,24,date_label,202110,0.042019693,0.001476651,0.95,0.039263434,0.044982626,Topic 24(Covariate Level: 202003)
574,pointestimate,24,date_label,202102,0.04202798,0.001362859,0.95,0.039471663,0.04479269,Topic 24(Covariate Level: 202003)
575,pointestimate,24,date_label,202006,0.042127421,0.001242451,0.95,0.039781231,0.044568557,Topic 24(Covariate Level: 202003)
576,pointestimate,24,date_label,202005,0.042128457,0.001255006,0.95,0.039756894,0.044586936,Topic 24(Covariate Level: 202003)
577,pointestimate,25,date_label,202003,0.010632271,0.000574332,0.95,0.009534707,0.011784959,Topic 25(Covariate Level: 202003)
578,pointestimate,25,date_label,202002,0.010620138,0.000579969,0.95,0.009503641,0.011793581,Topic 25(Covariate Level: 202003)
579,pointestimate,25,date_label,202004,0.010644404,0.000568765,0.95,0.009560612,0.011781459,Topic 25(Covariate Level: 202003)
580,pointestimate,25,date_label,202001,0.010608005,0.000585674,0.95,0.009472576,0.011799181,Topic 25(Covariate Level: 202003)
581,pointestimate,25,date_label,202103,0.011845572,0.000633196,0.95,0.010613582,0.013092523,Topic 25(Covariate Level: 202003)
582,pointestimate,25,date_label,202009,0.010705069,0.00054205,0.95,0.009674593,0.011822179,Topic 25(Covariate Level: 202003)
583,pointestimate,25,date_label,202008,0.010692936,0.000547236,0.95,0.0096527,0.011813075,Topic 25(Covariate Level: 202003)
584,pointestimate,25,date_label,202108,0.011906237,0.000664838,0.95,0.010600135,0.013208379,Topic 25(Covariate Level: 202003)
585,pointestimate,25,date_label,202105,0.011869838,0.000645707,0.95,0.010604512,0.013134829,Topic 25(Covariate Level: 202003)
586,pointestimate,25,date_label,202010,0.010717202,0.000536946,0.95,0.009696023,0.011820459,Topic 25(Covariate Level: 202003)
587,pointestimate,25,date_label,202012,0.010741468,0.000526998,0.95,0.009734419,0.011824705,Topic 25(Covariate Level: 202003)
588,pointestimate,25,date_label,202106,0.011881971,0.000652037,0.95,0.010604349,0.013157749,Topic 25(Covariate Level: 202003)
589,pointestimate,25,date_label,202101,0.011821306,0.000620894,0.95,0.010621602,0.013048485,Topic 25(Covariate Level: 202003)
590,pointestimate,25,date_label,202011,0.010729335,0.000531928,0.95,0.009718222,0.011822465,Topic 25(Covariate Level: 202003)
591,pointestimate,25,date_label,202111,0.011942636,0.000684374,0.95,0.010602903,0.01328602,Topic 25(Covariate Level: 202003)
592,pointestimate,25,date_label,202107,0.011894104,0.000658414,0.95,0.010603038,0.013181821,Topic 25(Covariate Level: 202003)
593,pointestimate,25,date_label,202104,0.011857705,0.000639426,0.95,0.0106056,0.013114259,Topic 25(Covariate Level: 202003)
594,pointestimate,25,date_label,202109,0.01191837,0.000671306,0.95,0.010599821,0.013234938,Topic 25(Covariate Level: 202003)
595,pointestimate,25,date_label,202007,0.010680803,0.000552503,0.95,0.009632079,0.011805505,Topic 25(Covariate Level: 202003)
596,pointestimate,25,date_label,202112,0.011954769,0.00069097,0.95,0.010605888,0.01331207,Topic 25(Covariate Level: 202003)
597,pointestimate,25,date_label,202110,0.011930503,0.000677819,0.95,0.010601796,0.0132612,Topic 25(Covariate Level: 202003)
598,pointestimate,25,date_label,202102,0.011833439,0.000627018,0.95,0.010617896,0.013070794,Topic 25(Covariate Level: 202003)
599,pointestimate,25,date_label,202006,0.01066867,0.000557848,0.95,0.009602215,0.011796631,Topic 25(Covariate Level: 202003)
600,pointestimate,25,date_label,202005,0.010656537,0.00056327,0.95,0.009584315,0.011784277,Topic 25(Covariate Level: 202003)
